{
  "roots:all_the_herbs_3": {
    "criteria": {
      "wildroot": "2021-11-14 17:26:55 +0200"
    },
    "done": false
  },
  "roots:pacifist": {
    "criteria": {
      "book": "2021-11-07 23:38:27 +0200"
    },
    "done": true
  },
  "erebus:portal/root": {
    "criteria": {
      "obsidian": "2021-11-13 00:39:00 +0200",
      "emerald": "2021-11-08 09:11:52 +0200"
    },
    "done": false
  },
  "twilightforest:alt/compat/tc_aspects": {
    "criteria": {
      "crystal_essence": "2021-11-08 09:06:54 +0200"
    },
    "done": true
  },
  "twilightforest:alt/compat/tconstruct": {
    "criteria": {
      "pattern": "2021-11-13 00:30:03 +0200"
    },
    "done": true
  },
  "triumph:dj2/01_divin_into_dj2": {
    "criteria": {
      "hasTotemCarverKnife": "2021-11-13 00:53:19 +0200"
    },
    "done": true
  },
  "roots:wildroot": {
    "criteria": {
      "book": "2021-11-14 17:26:55 +0200"
    },
    "done": true
  },
  "roots:root": {
    "criteria": {
      "auto": "2021-11-07 23:20:57 +0200"
    },
    "done": true
  }
}