{"stat.pickup.plustic.alumiteingot":1,"stat.craftItem.actuallyadditions.item_hoe_emerald":1,"stat.leaveGame":5,"stat.killEntity.abyssalcraft.shadowmonster":3,"stat.killEntity.divinerpg.cave_crawler":1,"stat.craftItem.contenttweaker.iron_hammer":2,"stat.mineBlock.undergroundbiomes.metamorphic_stone_mekanism_oreblock":2,"stat.useItem.minecraft.planks":7,"stat.pickup.minecraft.glowstone_dust":1,"stat.craftItem.contenttweaker.rough_hammer":1,"stat.mineBlock.undergroundbiomes.metamorphic_stone_thermalfoundation_ore_fluid":8,"stat.mineBlock.divinerpg.realmite_ore":12,"stat.mineBlock.undergroundbiomes.metamorphic_stone_mysticalagriculture_inferium_ore":26,"stat.useItem.minecraft.water_bucket":11,"stat.mineBlock.minecraft.red_mushroom":3,"stat.pickup.minecraft.rotten_flesh":1,"stat.pickup.minecraft.sand":79,"stat.craftItem.minecraft.stone_axe":3,"stat.killEntity.abyssalcraft.abyssalzombie":2,"stat.mineBlock.undergroundbiomes.metamorphic_sand":87,"stat.craftItem.actuallyadditions.item_pickaxe_emerald":1,"stat.craftItem.tconstruct.casting":2,"stat.mineBlock.undergroundbiomes.metamorphic_stone_redstone_ore":14,"stat.pickup.enderio.item_broken_spawner":4,"stat.useItem.abyssalcraft.corflesh":2,"stat.craftItem.minecraft.iron_shovel":3,"stat.killEntity.abyssalcraft.shadowcreature":12,"stat.mineBlock.minecraft.sand":79,"stat.killEntity.Witch":1,"stat.mineBlock.undergroundbiomes.metamorphic_stone_tile.thermalfoundation.ore.tin.name":13,"stat.craftItem.contenttweaker.rough_iron_mesh":4,"stat.useItem.minecraft.iron_pickaxe":895,"stat.craftItem.minecraft.wooden_pickaxe":1,"stat.useItem.minecraft.iron_shovel":350,"stat.mineBlock.undergroundbiomes.metamorphic_stone_lapis_ore":11,"stat.mineBlock.chisel.marble2":13,"stat.mineBlock.minecraft.hopper":2,"stat.pickup.thermalfoundation.material":14,"stat.mineBlock.undergroundbiomes.metamorphic_stone_actuallyadditions_block_misc_3":43,"stat.furnaceInteraction":68,"stat.useItem.minecraft.golden_carrot":1,"stat.entityKilledBy.abyssalcraft.shadowmonster":2,"stat.pickup.actuallyadditions.item_solidified_experience":4,"stat.craftItem.thermalfoundation.material":44,"stat.drop.minecraft.red_flower":2,"stat.craftItem.actuallyadditions.item_shovel_emerald":1,"stat.pickup.minecraft.beef":11,"stat.pickup.tconstruct.cast":2,"stat.pickup.minecraft.hay_block":181,"stat.pickup.thaumcraft.crystal_essence":70,"stat.pickup.undergroundbiomes.igneous_cobble":28,"stat.useItem.minecraft.pumpkin_pie":2,"stat.mineBlock.undergroundbiomes.metamorphic_stone_mysticalagriculture_prosperity_ore":20,"stat.craftItem.immersiveengineering.material":5,"stat.pickup.minecraft.emerald":21,"stat.craftItem.minecraft.obsidian":90,"stat.mineBlock.undergroundbiomes.igneous_stone_coal_ore":34,"stat.useItem.minecraft.beef":8,"stat.pickup.undergroundbiomes.sedimentary_stone":19,"stat.deaths":15,"stat.playOneMinute":251466,"stat.pickup.mysticalworld.aubergine_seed":2,"stat.craftItem.bigreactors.ingotyellorium":47,"stat.craftItem.minecraft.iron_pickaxe":6,"stat.pickup.natura.overworld_seeds":1,"stat.pickup.minecraft.iron_bars":5,"stat.pickup.chisel.marble2":14,"stat.mineBlock.minecraft.tallgrass":13,"stat.chestOpened":164,"stat.pickup.divinerpg.realmite_ingot":2,"stat.useItem.minecraft.fish":2,"stat.pickup.tconstruct.casting":4,"stat.useItem.roots.stone_knife":99,"stat.pickup.minecraft.arrow":6,"stat.killEntity.divinerpg.rotatick":2,"stat.mineBlock.undergroundbiomes.igneous_stone_tile.thermalfoundation.ore.aluminum.name":34,"stat.pickup.tconstruct.cast_custom":2,"stat.craftItem.minecraft.iron_nugget":9,"stat.useItem.minecraft.experience_bottle":3,"stat.fallOneCm":74133,"stat.pickup.chisel.basalt2":3,"stat.mineBlock.undergroundbiomes.sedimentary_stone_tile.thermalfoundation.ore.aluminum.name":6,"stat.crouchOneCm":13333,"stat.craftItem.divinerpg.realmite_pickaxe":2,"stat.mineBlock.minecraft.chest":2,"stat.craftItem.minecraft.iron_ingot":70,"stat.craftItem.minecraft.chest":10,"stat.pickup.minecraft.red_mushroom":3,"stat.craftItem.minecraft.hopper":2,"stat.craftingTableInteraction":12,"stat.craftItem.undergroundbiomes.sedimentary_stone_halfslab":12,"stat.craftItem.tconstruct.pattern":10,"stat.craftItem.contenttweaker.tool_rod":9,"stat.craftItem.tconstruct.materials":216,"stat.pickup.undergroundbiomes.metamorphic_sand":87,"stat.pickup.minecraft.dye":65,"stat.pickup.bewitchment.opal":8,"stat.pickup.tconstruct.binding":1,"stat.pickup.chisel.limestone2":1,"stat.pickup.minecraft.wheat_seeds":1,"stat.mineBlock.minecraft.gravel":42,"stat.useItem.minecraft.stone_pickaxe":120,"stat.craftItem.tconstruct.seared_tank":2,"stat.pickup.actuallyadditions.emerald_paxel":2,"stat.craftItem.contenttweaker.wooden_pickaxe_head":1,"stat.mineBlock.minecraft.dirt":5,"stat.craftItem.contenttweaker.compressed_obsidian1":28,"stat.craftItem.contenttweaker.compressed_obsidian2":2,"stat.useItem.minecraft.torch":14,"stat.craftItem.thermalfoundation.storage":2,"stat.pickup.immersiveengineering.seed":1,"stat.useItem.minecraft.bread":1,"stat.pickup.roots.wildroot":1,"stat.mineBlock.undergroundbiomes.metamorphic_gravel":1,"stat.craftItem.minecraft.redstone_block":2,"stat.pickup.minecraft.crafting_table":3,"stat.pickup.abyssalcraft.shadowfragment":25,"stat.craftItem.minecraft.crafting_table":4,"stat.mineBlock.minecraft.double_plant":2,"stat.mineBlock.undergroundbiomes.metamorphic_stone_iron_ore":46,"stat.mineBlock.undergroundbiomes.igneous_stone_thermalfoundation_ore":5,"stat.pickup.minecraft.log":77,"stat.useItem.natura.soups":1,"stat.drop.minecraft.stonebrick":1,"stat.useItem.tconstruct.pickaxe":109,"stat.mineBlock.undergroundbiomes.metamorphic_stone":1685,"stat.craftItem.minecraft.gold_ingot":9,"stat.pickup.minecraft.hopper":2,"stat.mineBlock.undergroundbiomes.igneous_stone_tile.thermalfoundation.ore.lead.name":9,"stat.pickup.minecraft.sapling":6,"stat.craftItem.contenttweaker.stone_axe_head":2,"stat.craftItem.tconstruct.smeltery_controller":2,"stat.mineBlock.thaumcraft.shimmerleaf":2,"stat.craftItem.minecraft.planks":180,"stat.mineBlock.thaumcraft.crystal_ordo":4,"stat.craftItem.actuallyadditions.emerald_paxel":2,"stat.mineBlock.minecraft.log":77,"stat.mineBlock.bigreactors.oreyellorite":47,"stat.craftItem.contenttweaker.burning_essence":4,"stat.craftItem.actuallyadditions.item_sword_emerald":2,"stat.pickup.minecraft.red_flower":3,"stat.sneakTime":7336,"stat.pickup.thaumcraft.amber":7,"stat.useItem.minecraft.wooden_axe":31,"stat.pickup.minecraft.yellow_flower":4,"stat.craftItem.contenttweaker.stone_pickaxe_head":4,"stat.pickup.minecraft.chest":2,"stat.useItem.minecraft.mushroom_stew":2,"stat.pickup.minecraft.bone":3,"stat.mineBlock.undergroundbiomes.metamorphic_stone_tile.thermalfoundation.ore.lead.name":23,"stat.mineBlock.minecraft.cobblestone":3,"stat.pickup.minecraft.flint":12,"stat.useItem.divinerpg.realmite_pickaxe":1200,"stat.mineBlock.minecraft.yellow_flower":4,"stat.craftItem.contenttweaker.crafting_base":8,"stat.pickup.abyssalcraft.corflesh":3,"stat.craftItem.tconstruct.faucet":4,"stat.pickup.divinerpg.terran_shards":5,"stat.mineBlock.undergroundbiomes.metamorphic_stone_tile.thermalfoundation.ore.aluminum.name":17,"stat.pickup.bigreactors.oreyellorite":94,"stat.craftItem.extrautils2.compressedcobblestone":16,"stat.swimOneCm":65153,"stat.climbOneCm":2779,"stat.mineBlock.undergroundbiomes.metamorphic_stone_thaumcraft_ore_amber":6,"stat.mineBlock.evilcraft.dark_ore":5,"stat.useItem.minecraft.obsidian":11,"stat.useItem.minecraft.stone_slab2":67,"stat.mineBlock.undergroundbiomes.igneous_cobble":4,"stat.mineBlock.undergroundbiomes.metamorphic_clay":12,"stat.craftItem.divinerpg.realmite_ingot":12,"stat.pickup.minecraft.bow":2,"stat.pickup.undergroundbiomes.metamorphic_cobble":746,"stat.useItem.undergroundbiomes.metamorphic_cobble":46,"stat.craftItem.minecraft.furnace":4,"stat.pickup.thermalfoundation.ore":148,"stat.mineBlock.undergroundbiomes.metamorphic_stone_gold_ore":3,"stat.craftItem.minecraft.stone_pickaxe":6,"stat.craftItem.minecraft.cooked_beef":3,"stat.mineBlock.minecraft.obsidian":187,"stat.pickup.minecraft.cobblestone":3,"stat.mineBlock.bewitchment.garnet_ore":4,"stat.craftItem.minecraft.bow":1,"stat.mineBlock.minecraft.clay":16,"stat.mineBlock.chisel.limestone2":1,"stat.flyOneCm":264008,"stat.pickup.appliedenergistics2.material":3,"stat.useItem.minecraft.cooked_beef":3,"stat.drop.tombmanygraves.death_list":3,"stat.mineBlock.undergroundbiomes.metamorphic_stone_coal_ore":88,"stat.pickup.minecraft.redstone":72,"stat.mineBlock.minecraft.iron_ore":5,"stat.timeSinceDeath":36442,"stat.craftItem.actuallyadditions.item_axe_emerald":1,"stat.craftItem.tconstruct.seared":50,"stat.mineBlock.thermalfoundation.ore":2,"stat.pickup.minecraft.stonebrick":3,"stat.pickup.minecraft.iron_shovel":1,"stat.killEntity.Creeper":1,"stat.craftItem.tconstruct.soil":224,"stat.pickup.minecraft.string":2,"stat.pickup.tconstruct.smeltery_controller":1,"stat.craftItem.minecraft.stone_slab2":1,"stat.pickup.roots.stone_knife":1,"stat.pickup.thaumcraft.shimmerleaf":2,"stat.mineBlock.bewitchment.opal_ore":8,"stat.craftItem.tconstruct.tooltables":5,"stat.sprintOneCm":178381,"stat.pickup.actuallyadditions.item_misc":4,"stat.mineBlock.minecraft.stone_slab":1,"stat.craftItem.minecraft.wooden_axe":1,"stat.craftItem.minecraft.stick":84,"stat.mineBlock.mysticalworld.granite_quartz_ore":1,"stat.pickup.undergroundbiomes.sedimentary_gravel":65,"stat.mineBlock.minecraft.crafting_table":3,"stat.useItem.minecraft.carrot":4,"stat.pickup.contenttweaker.rough_iron_mesh":13,"stat.drop":11,"stat.entityKilledBy.divinerpg.rotatick":3,"stat.useItem.tconstruct.seared":27,"stat.useItem.undergroundbiomes.igneous_cobble":13,"stat.killEntity.Zombie":3,"stat.craftItem.minecraft.dye":56,"stat.craftItem.minecraft.clay":27,"stat.diveOneCm":69524,"stat.craftItem.contenttweaker.treated_leather":7,"stat.pickup.minecraft.gravel":39,"stat.pickup.thaumcraft.curio":1,"stat.mineBlock.undergroundbiomes.metamorphic_stone_emerald_ore":21,"stat.craftItem.contenttweaker.wooden_axe_head":1,"stat.mineBlock.tconstruct.smeltery_controller":1,"stat.mineBlock.undergroundbiomes.metamorphic_stone_thermalfoundation_ore":25,"stat.useItem.minecraft.apple":7,"stat.pickup.minecraft.obsidian":187,"stat.pickup.tombmanygraves.death_list":9,"stat.useItem.minecraft.rotten_flesh":1,"stat.jump":1846,"stat.useItem.minecraft.sand":28,"stat.pickup.minecraft.coal":121,"stat.pickup.minecraft.iron_ingot":4,"stat.craftItem.minecraft.lever":1,"stat.pickup.minecraft.dirt":3,"stat.pickup.divinerpg.realmite_ore":23,"stat.pickup.evilcraft.dark_gem_crushed":2,"stat.pickup.actuallyadditions.block_misc":43,"stat.pickup.minecraft.iron_ore":73,"stat.craftItem.totemic.drum":2,"stat.pickup.minecraft.gold_ore":3,"stat.mineBlock.minecraft.iron_bars":5,"stat.useItem.actuallyadditions.emerald_paxel":424,"stat.mineBlock.minecraft.leaves2":1,"stat.pickup.minecraft.leather":4,"stat.damageTaken":4740,"stat.mineBlock.minecraft.torch":16,"stat.mineBlock.minecraft.red_flower":3,"stat.useItem.minecraft.wooden_pickaxe":37,"stat.dispenserInspected":2,"stat.pickup.evilcraft.dark_gem":10,"stat.useItem.thaumcraft.brain":1,"stat.pickup.mysticalagriculture.crafting":114,"stat.pickup.minecraft.reeds":14,"stat.killEntity.CaveSpider":1,"stat.pickup.bewitchment.garnet":4,"stat.mineBlock.undergroundbiomes.sedimentary_stone":20,"stat.damageDealt":7802,"stat.craftItem.minecraft.glass":1,"stat.craftItem.minecraft.cauldron":2,"stat.mineBlock.undergroundbiomes.metamorphic_stone_thaumcraft_ore_cinnabar":1,"stat.killEntity.Cow":5,"stat.pickup.bewitchment.oak_apple_gall":2,"stat.walkOneCm":396376,"stat.craftItem.tconstruct.smeltery_io":1,"stat.useItem.minecraft.chest":3,"stat.mineBlock.undergroundbiomes.metamorphic_stone_appliedenergistics2_quartz_ore":2,"stat.pickup.minecraft.clay_ball":108,"stat.pickup.mekanism.oreblock":2,"stat.mineBlock.undergroundbiomes.sedimentary_gravel":74,"stat.craftItem.mekanism.ingot":6,"stat.craftItem.totemic.totem_whittling_knife":1,"stat.mineBlock.chisel.basalt2":4,"stat.useItem.tconstruct.faucet":1,"stat.mineBlock.undergroundbiomes.igneous_stone_iron_ore":18,"stat.pickup.quark.root_flower":2,"stat.mineBlock.undergroundbiomes.metamorphic_cobble":4,"stat.drop.chisel.marble2":4,"stat.pickup.minecraft.stone":3,"stat.mineBlock.thaumcraft.crystal_ignis":14,"stat.useItem.minecraft.cactus":1,"stat.killEntity.Skeleton":4,"stat.pickup.thaumcraft.ore_cinnabar":1,"stat.mineBlock.minecraft.stonebrick":9,"stat.pickup.astralsorcery.itemcraftingcomponent":76,"stat.mobKills":35,"stat.mineBlock.undergroundbiomes.metamorphic_stone_tile.thermalfoundation.ore.silver.name":14,"stat.useItem.thaumcraft.curio":1,"stat.pickup.minecraft.quartz":1,"stat.craftItem.minecraft.shears":2,"stat.mineBlock.minecraft.leaves":2,"stat.mineBlock.undergroundbiomes.igneous_stone":58,"stat.entityKilledBy.abyssalcraft.shadowcreature":6,"stat.pickup.minecraft.torch":19,"stat.pickup.thaumcraft.brain":1,"stat.mineBlock.tconstruct.casting":4,"stat.mineBlock.astralsorcery.blockcustomsandore":28,"stat.craftItem.minecraft.coal_block":2,"stat.pickup.evilcraft.werewolf_flesh":6,"stat.mineBlock.minecraft.hay_block":157,"stat.drop.contenttweaker.rough_iron_mesh":2,"stat.mineBlock.minecraft.stone":3}